-- phpMyAdmin SQL Dump
-- version phpStudy 2014
-- http://www.phpmyadmin.net
--
-- ä¸»æœº: localhost
-- ç”Ÿæˆæ—¥æœŸ: 2017 å¹?06 æœ?27 æ—?16:44
-- æœåŠ¡å™¨ç‰ˆæœ¬: 5.5.40
-- PHP ç‰ˆæœ¬: 5.6.1

SET SQL_MODE="NO_AUTO_VALUE_ON_ZERO";
SET time_zone = "+00:00";


/*!40101 SET @OLD_CHARACTER_SET_CLIENT=@@CHARACTER_SET_CLIENT */;
/*!40101 SET @OLD_CHARACTER_SET_RESULTS=@@CHARACTER_SET_RESULTS */;
/*!40101 SET @OLD_COLLATION_CONNECTION=@@COLLATION_CONNECTION */;
/*!40101 SET NAMES utf8 */;

--
-- æ•°æ®åº“: `gotest`
--

-- --------------------------------------------------------

--
-- è¡¨çš„ç»“æ„ `articles`
--

CREATE TABLE IF NOT EXISTS `articles` (
  `id` int(11) NOT NULL AUTO_INCREMENT,
  `cateid` int(11) DEFAULT '0' COMMENT 'åˆ†ç±»ID',
  `title` varchar(255) DEFAULT NULL,
  `description` varchar(255) DEFAULT NULL,
  `pic` varchar(255) DEFAULT NULL,
  `content` text,
  `addtime` int(11) DEFAULT NULL,
  PRIMARY KEY (`id`)
) ENGINE=InnoDB  DEFAULT CHARSET=utf8 AUTO_INCREMENT=18 ;

--
-- è½¬å­˜è¡¨ä¸­çš„æ•°æ® `articles`
--

INSERT INTO `articles` (`id`, `cateid`, `title`, `description`, `pic`, `content`, `addtime`) VALUES
(1, 4, 'æµ‹è¯•ä¸€ä¸‹æ ‡é¢˜', 'æµ‹è¯•ä¸€ä¸‹æè¿°', 'http://s2.juancdn.com/bao/160921/d/9/57e26ab2151ad118338b45a9_800x800.jpg', 'æµ‹è¯•ä¸€ä¸‹å†…å®¹', 1497704998),
(2, 4, 'æµ‹è¯•ä¸€ä¸‹æ ‡é¢˜', 'æµ‹è¯•ä¸€ä¸‹æè¿°', 'http://s2.juancdn.com/bao/160921/d/9/57e26ab2151ad118338b45a9_800x800.jpg', 'æµ‹è¯•ä¸€ä¸‹å†…å®¹', 1497704998),
(3, 5, 'æµ‹è¯•xxxä¸€ä¸‹æ ‡é¢˜', 'æµ‹è¯•xxxä¸€ä¸‹æè¿°', 'http://s2.juancdn.com/bao/160921/d/9/57e26ab2151ad118338b45a9_800x800.jpg', 'æµ‹è¯•ä¸€ä¸‹å†…å®¹', 1497704998),
(4, 5, 'æµ‹è¯•xxxä¸€ä¸‹æ ‡é¢˜', 'æµ‹è¯•xxxä¸€ä¸‹æè¿°', 'http://s2.juancdn.com/bao/160921/d/9/57e26ab2151ad118338b45a9_800x800.jpg', 'æµ‹è¯•ä¸€ä¸‹å†…å®¹', 1497704998),
(5, 5, 'æµ‹è¯•xxxä¸€ä¸‹æ ‡é¢˜', 'æµ‹è¯•xxxä¸€ä¸‹æè¿°', 'http://s2.juancdn.com/bao/160921/d/9/57e26ab2151ad118338b45a9_800x800.jpg', 'æµ‹è¯•ä¸€ä¸‹å†…å®¹', 1497704998),
(6, 5, 'æµ‹è¯•xxxä¸€ä¸‹æ ‡é¢˜', 'æµ‹è¯•xxxä¸€ä¸‹æè¿°', 'http://s2.juancdn.com/bao/160921/d/9/57e26ab2151ad118338b45a9_800x800.jpg', 'æµ‹è¯•ä¸€ä¸‹å†…å®¹', 1497704998),
(7, 6, 'æµ‹è¯•yyyä¸€ä¸‹æ ‡é¢˜', 'æµ‹è¯•yyyyä¸€ä¸‹æè¿°', 'https://timgsa.baidu.com/timg?image&quality=80&size=b9999_10000&sec=1498366274764&di=ec6b5df0275bbd4364da7c50887657ad&imgtype=0&src=http%3A%2F%2Fpic.baike.soso.com%2Fp%2F20140110%2F20140110164023-78701636.jpg', 'æµ‹è¯•ä¸€ä¸‹å†…å®¹', 1497704998),
(8, 6, 'æµ‹è¯•yyyä¸€ä¸‹æ ‡é¢˜', 'æµ‹è¯•yyyyä¸€ä¸‹æè¿°', 'https://timgsa.baidu.com/timg?image&quality=80&size=b9999_10000&sec=1498366274764&di=ec6b5df0275bbd4364da7c50887657ad&imgtype=0&src=http%3A%2F%2Fpic.baike.soso.com%2Fp%2F20140110%2F20140110164023-78701636.jpg', 'æµ‹è¯•ä¸€ä¸‹å†…å®¹', 1497704998),
(9, 6, 'æµ‹è¯•yyyä¸€ä¸‹æ ‡é¢˜', 'æµ‹è¯•yyyyä¸€ä¸‹æè¿°', 'https://timgsa.baidu.com/timg?image&quality=80&size=b9999_10000&sec=1498366274764&di=ec6b5df0275bbd4364da7c50887657ad&imgtype=0&src=http%3A%2F%2Fpic.baike.soso.com%2Fp%2F20140110%2F20140110164023-78701636.jpg', 'æµ‹è¯•ä¸€ä¸‹å†…å®¹', 1497704998),
(10, 6, 'æµ‹è¯•yyyä¸€ä¸‹æ ‡é¢˜', 'æµ‹è¯•yyyyä¸€ä¸‹æè¿°', 'https://timgsa.baidu.com/timg?image&quality=80&size=b9999_10000&sec=1498366274764&di=ec6b5df0275bbd4364da7c50887657ad&imgtype=0&src=http%3A%2F%2Fpic.baike.soso.com%2Fp%2F20140110%2F20140110164023-78701636.jpg', 'æµ‹è¯•ä¸€ä¸‹å†…å®¹', 1497704998),
(11, 6, 'æµ‹è¯•yyyä¸€ä¸‹æ ‡é¢˜', 'æµ‹è¯•yyyyä¸€ä¸‹æè¿°', 'https://timgsa.baidu.com/timg?image&quality=80&size=b9999_10000&sec=1498366274764&di=ec6b5df0275bbd4364da7c50887657ad&imgtype=0&src=http%3A%2F%2Fpic.baike.soso.com%2Fp%2F20140110%2F20140110164023-78701636.jpg', 'æµ‹è¯•ä¸€ä¸‹å†…å®¹', 1497704998),
(12, 6, 'æµ‹è¯•yyyä¸€ä¸‹æ ‡é¢˜', 'æµ‹è¯•yyyyä¸€ä¸‹æè¿°', 'https://timgsa.baidu.com/timg?image&quality=80&size=b9999_10000&sec=1498366274764&di=ec6b5df0275bbd4364da7c50887657ad&imgtype=0&src=http%3A%2F%2Fpic.baike.soso.com%2Fp%2F20140110%2F20140110164023-78701636.jpg', 'æµ‹è¯•ä¸€ä¸‹å†…å®¹', 1497704998),
(13, 6, 'æµ‹è¯•yyyä¸€ä¸‹æ ‡é¢˜', 'æµ‹è¯•yyyyä¸€ä¸‹æè¿°', 'https://timgsa.baidu.com/timg?image&quality=80&size=b9999_10000&sec=1498366274764&di=ec6b5df0275bbd4364da7c50887657ad&imgtype=0&src=http%3A%2F%2Fpic.baike.soso.com%2Fp%2F20140110%2F20140110164023-78701636.jpg', 'æµ‹è¯•ä¸€ä¸‹å†…å®¹', 1497704998),
(14, 6, 'æµ‹è¯•yyyä¸€ä¸‹æ ‡é¢˜', 'æµ‹è¯•yyyyä¸€ä¸‹æè¿°', 'https://timgsa.baidu.com/timg?image&quality=80&size=b9999_10000&sec=1498366274764&di=ec6b5df0275bbd4364da7c50887657ad&imgtype=0&src=http%3A%2F%2Fpic.baike.soso.com%2Fp%2F20140110%2F20140110164023-78701636.jpg', 'æµ‹è¯•ä¸€ä¸‹å†…å®¹', 1497704998),
(15, 6, 'æµ‹è¯•yyyä¸€ä¸‹æ ‡é¢˜', 'æµ‹è¯•yyyyä¸€ä¸‹æè¿°', 'https://timgsa.baidu.com/timg?image&quality=80&size=b9999_10000&sec=1498366274764&di=ec6b5df0275bbd4364da7c50887657ad&imgtype=0&src=http%3A%2F%2Fpic.baike.soso.com%2Fp%2F20140110%2F20140110164023-78701636.jpg', 'æµ‹è¯•ä¸€ä¸‹å†…å®¹', 1497704998),
(16, 6, 'æµ‹è¯•yyyä¸€ä¸‹æ ‡é¢˜', 'æµ‹è¯•yyyyä¸€ä¸‹æè¿°', 'https://timgsa.baidu.com/timg?image&quality=80&size=b9999_10000&sec=1498366274764&di=ec6b5df0275bbd4364da7c50887657ad&imgtype=0&src=http%3A%2F%2Fpic.baike.soso.com%2Fp%2F20140110%2F20140110164023-78701636.jpg', 'æµ‹è¯•ä¸€ä¸‹å†…å®¹', 1497704998),
(17, 6, 'æµ‹è¯•yyyä¸€ä¸‹æ ‡é¢˜', 'æµ‹è¯•yyyyä¸€ä¸‹æè¿°', 'https://timgsa.baidu.com/timg?image&quality=80&size=b9999_10000&sec=1498366274764&di=ec6b5df0275bbd4364da7c50887657ad&imgtype=0&src=http%3A%2F%2Fpic.baike.soso.com%2Fp%2F20140110%2F20140110164023-78701636.jpg', 'æµ‹è¯•ä¸€ä¸‹å†…å®¹', 1497704998);

-- --------------------------------------------------------

--
-- è¡¨çš„ç»“æ„ `cate`
--

CREATE TABLE IF NOT EXISTS `cate` (
  `id` int(11) NOT NULL AUTO_INCREMENT,
  `parent_id` int(11) DEFAULT '0',
  `name` varchar(255) DEFAULT NULL,
  `addtime` int(11) DEFAULT '0',
  PRIMARY KEY (`id`)
) ENGINE=InnoDB  DEFAULT CHARSET=utf8 COMMENT='åˆ†ç±»è¡¨' AUTO_INCREMENT=7 ;

--
-- è½¬å­˜è¡¨ä¸­çš„æ•°æ® `cate`
--

INSERT INTO `cate` (`id`, `parent_id`, `name`, `addtime`) VALUES
(4, 0, 'å®¶å±…', 1497704998),
(5, 0, 'ç”µå™¨', 1497705069),
(6, 0, 'æ•°ç ', 1497705107);

-- --------------------------------------------------------

--
-- è¡¨çš„ç»“æ„ `photos`
--

CREATE TABLE IF NOT EXISTS `photos` (
  `id` int(11) NOT NULL AUTO_INCREMENT,
  `cateid` int(11) DEFAULT NULL,
  `image` varchar(255) DEFAULT NULL,
  `title` varchar(255) DEFAULT NULL,
  `addtime` int(11) DEFAULT NULL,
  PRIMARY KEY (`id`)
) ENGINE=InnoDB  DEFAULT CHARSET=utf8 AUTO_INCREMENT=23 ;

--
-- è½¬å­˜è¡¨ä¸­çš„æ•°æ® `photos`
--

INSERT INTO `photos` (`id`, `cateid`, `image`, `title`, `addtime`) VALUES
(1, 4, 'https://timgsa.baidu.com/timg?image&quality=80&size=b9999_10000&sec=1498377607813&di=5f71d008119bc094817e116eb5a1c31b&imgtype=0&src=http%3A%2F%2Fwww.taopic.com%2Fuploads%2Fallimg%2F121219%2F267857-12121921013456.jpg', 'å¥½è½¦å›¾', 1497704998),
(2, 4, 'https://timgsa.baidu.com/timg?image&quality=80&size=b9999_10000&sec=1498377607813&di=29be14ecec834cdf0de64fa93976c7b1&imgtype=0&src=http%3A%2F%2Fxcmn.jsyks.com%2Fphoto%2Fimg.xgo-img.com.cn%2Fpics%2F1505%2F1504435.jpg', 'å¥½è½¦å›¾', 1497704998),
(3, 4, 'https://timgsa.baidu.com/timg?image&quality=80&size=b9999_10000&sec=1498377607813&di=b9f8888c9492ffe1c38be299b9d99945&imgtype=0&src=http%3A%2F%2Fpic33.nipic.com%2F20131011%2F11350592_170605502000_2.jpg', 'å¥½è½¦å›¾', 1497704998),
(4, 4, 'https://timgsa.baidu.com/timg?image&quality=80&size=b9999_10000&sec=1498377607813&di=b9f8888c9492ffe1c38be299b9d99945&imgtype=0&src=http%3A%2F%2Fpic33.nipic.com%2F20131011%2F11350592_170605502000_2.jpg', 'å¥½è½¦å›¾', 1497704998),
(5, 4, 'https://timgsa.baidu.com/timg?image&quality=80&size=b9999_10000&sec=1498377607813&di=b9f8888c9492ffe1c38be299b9d99945&imgtype=0&src=http%3A%2F%2Fpic33.nipic.com%2F20131011%2F11350592_170605502000_2.jpg', 'å¥½è½¦å›¾', 1497704998),
(6, 4, 'https://timgsa.baidu.com/timg?image&quality=80&size=b9999_10000&sec=1498377607812&di=22ebc2bd8964ec4a51a0ff90ee02ed26&imgtype=0&src=http%3A%2F%2Fdl.bizhi.sogou.com%2Fimages%2F2012%2F02%2F06%2F74408.jpg', 'å¥½è½¦å›¾', 1497704998),
(7, 4, 'https://timgsa.baidu.com/timg?image&quality=80&size=b9999_10000&sec=1498377607812&di=22ebc2bd8964ec4a51a0ff90ee02ed26&imgtype=0&src=http%3A%2F%2Fdl.bizhi.sogou.com%2Fimages%2F2012%2F02%2F06%2F74408.jpg', 'å¥½è½¦å›¾', 1497704998),
(8, 4, 'https://timgsa.baidu.com/timg?image&quality=80&size=b9999_10000&sec=1498377607812&di=22ebc2bd8964ec4a51a0ff90ee02ed26&imgtype=0&src=http%3A%2F%2Fdl.bizhi.sogou.com%2Fimages%2F2012%2F02%2F06%2F74408.jpg', 'å¥½è½¦å›¾', 1497704998),
(9, 4, 'https://timgsa.baidu.com/timg?image&quality=80&size=b9999_10000&sec=1498377607812&di=22ebc2bd8964ec4a51a0ff90ee02ed26&imgtype=0&src=http%3A%2F%2Fdl.bizhi.sogou.com%2Fimages%2F2012%2F02%2F06%2F74408.jpg', 'å¥½è½¦å›¾', 1497704998),
(10, 4, 'https://timgsa.baidu.com/timg?image&quality=80&size=b9999_10000&sec=1498377607812&di=22ebc2bd8964ec4a51a0ff90ee02ed26&imgtype=0&src=http%3A%2F%2Fdl.bizhi.sogou.com%2Fimages%2F2012%2F02%2F06%2F74408.jpg', 'å¥½è½¦å›¾', 1497704998),
(11, 4, 'https://timgsa.baidu.com/timg?image&quality=80&size=b9999_10000&sec=1498377607812&di=22ebc2bd8964ec4a51a0ff90ee02ed26&imgtype=0&src=http%3A%2F%2Fdl.bizhi.sogou.com%2Fimages%2F2012%2F02%2F06%2F74408.jpg', 'å¥½è½¦å›¾', 1497704998),
(12, 5, 'https://timgsa.baidu.com/timg?image&quality=80&size=b9999_10000&sec=1498377607811&di=fdd06037210a473ddc4e76d2ce1c7bd4&imgtype=0&src=http%3A%2F%2Ft1.niutuku.com%2F960%2F01%2F01-171601.jpg', 'å¥½è½¦å›¾', 1497704998),
(13, 5, 'https://timgsa.baidu.com/timg?image&quality=80&size=b9999_10000&sec=1498377607811&di=fdd06037210a473ddc4e76d2ce1c7bd4&imgtype=0&src=http%3A%2F%2Ft1.niutuku.com%2F960%2F01%2F01-171601.jpg', 'å¥½è½¦å›¾', 1497704998),
(14, 5, 'https://timgsa.baidu.com/timg?image&quality=80&size=b9999_10000&sec=1498377607811&di=fdd06037210a473ddc4e76d2ce1c7bd4&imgtype=0&src=http%3A%2F%2Ft1.niutuku.com%2F960%2F01%2F01-171601.jpg', 'å¥½è½¦å›¾', 1497704998),
(15, 5, 'https://timgsa.baidu.com/timg?image&quality=80&size=b9999_10000&sec=1498377607811&di=fdd06037210a473ddc4e76d2ce1c7bd4&imgtype=0&src=http%3A%2F%2Ft1.niutuku.com%2F960%2F01%2F01-171601.jpg', 'å¥½è½¦å›¾', 1497704998),
(16, 5, 'https://timgsa.baidu.com/timg?image&quality=80&size=b9999_10000&sec=1498377607811&di=d0ba7780b48369418bebf96141eea834&imgtype=0&src=http%3A%2F%2Fimg0.pcauto.com.cn%2Fpcauto%2F1405%2F30%2F4493541_100003604293146_thumb.gif', 'å¥½è½¦å›¾', 1497704998),
(17, 5, 'https://timgsa.baidu.com/timg?image&quality=80&size=b9999_10000&sec=1498377607811&di=d0ba7780b48369418bebf96141eea834&imgtype=0&src=http%3A%2F%2Fimg0.pcauto.com.cn%2Fpcauto%2F1405%2F30%2F4493541_100003604293146_thumb.gif', 'å¥½è½¦å›¾', 1497704998),
(18, 5, 'https://timgsa.baidu.com/timg?image&quality=80&size=b9999_10000&sec=1498377607811&di=d0ba7780b48369418bebf96141eea834&imgtype=0&src=http%3A%2F%2Fimg0.pcauto.com.cn%2Fpcauto%2F1405%2F30%2F4493541_100003604293146_thumb.gif', 'å¥½è½¦å›¾', 1497704998),
(19, 5, 'https://timgsa.baidu.com/timg?image&quality=80&size=b9999_10000&sec=1498377607811&di=d0ba7780b48369418bebf96141eea834&imgtype=0&src=http%3A%2F%2Fimg0.pcauto.com.cn%2Fpcauto%2F1405%2F30%2F4493541_100003604293146_thumb.gif', 'å¥½è½¦å›¾', 1497704998),
(20, 5, 'https://timgsa.baidu.com/timg?image&quality=80&size=b9999_10000&sec=1498377607811&di=d0ba7780b48369418bebf96141eea834&imgtype=0&src=http%3A%2F%2Fimg0.pcauto.com.cn%2Fpcauto%2F1405%2F30%2F4493541_100003604293146_thumb.gif', 'å¥½è½¦å›¾', 1497704998),
(21, 5, 'https://timgsa.baidu.com/timg?image&quality=80&size=b9999_10000&sec=1498377607811&di=d0ba7780b48369418bebf96141eea834&imgtype=0&src=http%3A%2F%2Fimg0.pcauto.com.cn%2Fpcauto%2F1405%2F30%2F4493541_100003604293146_thumb.gif', 'å¥½è½¦å›¾', 1497704998),
(22, 5, 'https://timgsa.baidu.com/timg?image&quality=80&size=b9999_10000&sec=1498396650834&di=406026c7c3b889b4ecf8db819cd90c88&imgtype=0&src=http%3A%2F%2Fds.com.cn%2Ftemplates%2Fprotostar%2Fimg%2Fcar%2Fds5ls%2Fblock2.jpg', 'å¥½è½¦å›¾', 1497704998);

-- --------------------------------------------------------

--
-- è¡¨çš„ç»“æ„ `user`
--

CREATE TABLE IF NOT EXISTS `user` (
  `id` int(11) NOT NULL AUTO_INCREMENT,
  `username` varchar(200) DEFAULT NULL COMMENT 'ç”¨æˆ·å',
  `password` varchar(200) DEFAULT NULL COMMENT 'å¯†ç ',
  `email` varchar(200) DEFAULT NULL COMMENT 'é‚®ä»¶',
  `avatar` varchar(255) DEFAULT NULL COMMENT 'å¤´åƒ',
  `addtime` int(11) DEFAULT '0' COMMENT 'æ·»åŠ æ—¶é—´',
  `logintime` int(11) DEFAULT '0' COMMENT 'ç™»å½•æ—¶é—´',
  PRIMARY KEY (`id`)
) ENGINE=InnoDB  DEFAULT CHARSET=utf8 COMMENT='ç”¨æˆ·è¡¨' AUTO_INCREMENT=2 ;

--
-- è½¬å­˜è¡¨ä¸­çš„æ•°æ® `user`
--

INSERT INTO `user` (`id`, `username`, `password`, `email`, `avatar`, `addtime`, `logintime`) VALUES
(1, 'test', '81dc9bdb52d04dc20036dbd8313ed055', 'test@admin.com', 'https://timgsa.baidu.com/timg?image&quality=80&size=b9999_10000&sec=1498469950566&di=0e2bfc3c0ce2cbbae06c188da9606709&imgtype=jpg&src=http%3A%2F%2Fimg3.imgtn.bdimg.com%2Fit%2Fu%3D3797592229%2C3840448992%26fm%3D214%26gp%3D0.jpg', 1498472522, 1498476142);

/*!40101 SET CHARACTER_SET_CLIENT=@OLD_CHARACTER_SET_CLIENT */;
/*!40101 SET CHARACTER_SET_RESULTS=@OLD_CHARACTER_SET_RESULTS */;
/*!40101 SET COLLATION_CONNECTION=@OLD_COLLATION_CONNECTION */;
